"","LEA","Name","Address","x1","district_name","district_enrollment","district_percent_gifted_and_talented","district_percent_special_education","district_percent_homeless","district_percent_frl","district_percent_white","district_percent_hispanic","district_percent_black","district_percent_other_races","district_overall_percent_minority","district_poverty_index","region","frl_percent","provision_2_percent","district_lea"
"1",6040700,"ACADEMICS PLUS PUBLIC CHARTER SCHOOLS","900 Edgewood Dr
Maumelle
AR - 72113",1,"ACADEMICS PLUS SCHOOL DISTRICT",538,0,0,0,0.24,0.82,0.04,0.12,0.02,0.18,0.41,3,0.24,NA,6040700
"2",1701000,"ALMA SCHOOL DISTRICT","916 Hwy 64 East
Alma
AR - 72921",2,"ALMA SCHOOL DISTRICT",3451,0.32,0.12,0.01,0.5,0.94,0.02,0.01,0.03,0.06,0.9,1,0.5,NA,1701000
"3",501000,"ALPENA SCHOOL DISTRICT","300 S Denver St
Alpena
AR - 72611",3,"ALPENA SCHOOL DISTRICT",576,0.11,0.16,0.01,0.56,0.97,0.01,0.01,0.02,0.03,1.01,1,0.56,NA,501000
"4",6091000,"ARK. SCHOOL FOR THE BLIND","2600 W Markham St.
Little Rock
AR - 72203",4,"ARK. SCHOOL FOR THE BLIND",84,0.12,1.22,0,0.78,0.65,0.02,0.32,0,0.35,1.45,3,0.78,NA,6091000
"5",6092000,"ARK. SCHOOL FOR THE DEAF","2400 West Markham St
Little Rock
AR - 72203-3811",5,"ARK. SCHOOL FOR THE DEAF",121,0,1,0,0.66,0.55,0.04,0.39,0.02,0.45,1.22,3,0.66,NA,6092000
"6",1002000,"ARKADELPHIA SCHOOL DISTRICT","235 North 11Th
Arkadelphia
AR - 71923",6,"ARKADELPHIA SCHOOL DISTRICT",1942,0.11,0.1,0.03,0.53,0.59,0.05,0.35,0.01,0.41,0.97,4,0.53,NA,1002000
"7",440700,"ARKANSAS ARTS ACADEMY","8 Halsted Circle, Ste #5
Rogers
AR - 72758",19,"BENTON COUNTY SCHOOL OF ARTS",701,0,0.04,0.02,0.24,0.86,0.07,0.02,0.04,0.14,0.41,1,0.24,NA,440700
"8",6043700,"ARKANSAS VIRTUAL ACADEMY","10802 Executive Center Dr
Little Rock
AR - 72211",7,"ARKANSAS VIRTUAL ACADEMY",499,0,0.09,0,0,0.9,0.02,0.05,0.02,0.1,0,3,0,NA,6043700
"9",4701000,"ARMOREL SCHOOL DISTRICT","7 South Main St
Armorel
AR - 72310",8,"ARMOREL SCHOOL DISTRICT",445,0.14,0.1,0,0.44,0.83,0.05,0.1,0.02,0.17,0.78,2,0.44,NA,4701000
"10",4101000,"ASHDOWN SCHOOL DISTRICT","511 N. Second
Ashdown
AR - 71822",9,"ASHDOWN SCHOOL DISTRICT",1546,0.07,0.1,0.02,0.55,0.64,0.03,0.3,0.02,0.36,1.01,4,0.55,NA,4101000
"11",5801000,"ATKINS SCHOOL DISTRICT","302 Avenue Two Nw
Atkins
AR - 72823",10,"ATKINS SCHOOL DISTRICT",1000,0.11,0.13,0,0.6,0.93,0.02,0.02,0.04,0.07,1.05,1,0.6,NA,5801000
"12",7401000,"AUGUSTA SCHOOL DISTRICT","#10 Red Devil Dr
Augusta
AR - 72006",11,"AUGUSTA SCHOOL DISTRICT",484,0.09,0.19,0,0.87,0.32,0.02,0.65,0,0.68,1.61,2,0.87,0.87,7401000
"13",7301000,"BALD KNOB SCHOOL DISTRICT","103 West Park Street
Bald Knob
AR - 72010",12,"BALD KNOB SCHOOL DISTRICT",1318,0.09,0.13,0.04,0.62,0.88,0.02,0.04,0.06,0.12,1.13,2,0.62,NA,7301000
"14",5401000,"BARTON-LEXA SCHOOL DISTRICT","9546 Hwy 85 South
Barton
AR - 72312",13,"BARTON-LEXA SCHOOL DISTRICT",766,0.08,0.1,0,0.63,0.63,0.02,0.34,0.01,0.37,1.2,5,0.63,NA,5401000
"15",3201000,"BATESVILLE SCHOOL DISTRICT","955 Water St
Batesville
AR - 72501",14,"BATESVILLE SCHOOL DISTRICT",2875,0.09,0.13,0.01,0.56,0.78,0.11,0.06,0.05,0.22,1,2,0.56,NA,3201000
"16",6301000,"BAUXITE SCHOOL DISTRICT","800 School Street
Bauxite
AR - 72011",15,"BAUXITE SCHOOL DISTRICT",1432,0.05,0.09,0,0.34,0.96,0.02,0.02,0.01,0.04,0.58,3,0.34,NA,6301000
"17",1601000,"BAY SCHOOL DISTRICT","700 School St
Bay
AR - 72411-39",16,"BAY SCHOOL DISTRICT",530,0.1,0.15,0.05,0.55,0.96,0.01,0.02,0,0.04,0.95,2,0.55,NA,1601000
"18",5201000,"BEARDEN SCHOOL DISTRICT","100 Oak Ave
Bearden
AR - 71720",17,"BEARDEN SCHOOL DISTRICT",578,0.07,0.08,0.01,0.71,0.58,0.02,0.4,0,0.42,1.25,4,0.71,NA,5201000
"19",7302000,"BEEBE SCHOOL DISTRICT","1201 W. Center St.
Beebe
AR - 72012",18,"BEEBE SCHOOL DISTRICT",3215,0.09,0.13,0,0.48,0.92,0.02,0.03,0.03,0.08,0.85,2,0.48,NA,7302000
"20",6302000,"BENTON SCHOOL DISTRICT","207 W. Conway
Benton
AR - 72015",20,"BENTON SCHOOL DISTRICT",4587,0.11,0.11,0,0.37,0.84,0.05,0.07,0.04,0.16,0.67,3,0.37,NA,6302000
"21",401000,"BENTONVILLE SCHOOL DISTRICT","500 Tiger Blvd
Bentonville
AR - 72712",21,"BENTONVILLE SCHOOL DISTRICT",13060,0.04,0.09,0.01,0.28,0.77,0.07,0.02,0.13,0.23,0.48,1,0.28,NA,401000
"22",502000,"BERGMAN SCHOOL DISTRICT","P.O. Box 1
Bergman
AR - 72615",22,"BERGMAN SCHOOL DISTRICT",1088,0.08,0.12,0,0.51,0.95,0.02,0,0.02,0.05,0.89,1,0.51,NA,502000
"23",801000,"BERRYVILLE SCHOOL DISTRICT","902 West Trimble
Berryville
AR - 72616",23,"BERRYVILLE SCHOOL DISTRICT",1868,0.05,0.11,0,0.57,0.77,0.19,0,0.03,0.23,1.02,1,0.57,NA,801000
"24",3001000,"BISMARCK SCHOOL DISTRICT","11636 Hwy 84
Bismarck
AR - 71929-8170",24,"BISMARCK SCHOOL DISTRICT",983,0.08,0.12,0,0.6,0.89,0.08,0.01,0.02,0.11,1.07,3,0.6,NA,3001000
"25",2901000,"BLEVINS SCHOOL DISTRICT","5954 Hwy 29N
Blevins
AR - 71825",25,"BLEVINS SCHOOL DISTRICT",631,0.11,0.12,0,0.81,0.71,0.1,0.17,0.02,0.29,1.56,4,0.81,NA,2901000
"26",4702000,"BLYTHEVILLE SCHOOL DISTRICT","405 West Park
Blytheville
AR - 72316",26,"BLYTHEVILLE SCHOOL DISTRICT",3022,0.05,0.11,0.09,0.82,0.18,0.02,0.78,0.01,0.82,1.53,2,1,0.82,4702000
"27",4201000,"BOONEVILLE SCHOOL DISTRICT","381 W. Seventh St.
Booneville
AR - 72927",27,"BOONEVILLE SCHOOL DISTRICT",1415,0.09,0.13,0.02,0.64,0.94,0.03,0.01,0.02,0.06,1.14,1,0.64,NA,4201000
"28",7303000,"BRADFORD SCHOOL DISTRICT","504 West Main St
Bradford
AR - 72020",28,"BRADFORD SCHOOL DISTRICT",487,0.13,0.12,0.01,0.67,0.98,0.01,0.01,0,0.02,1.15,2,0.67,NA,7303000
"29",4801000,"BRINKLEY SCHOOL DISTRICT","200 Tiger Drive
Brinkley
AR - 72021",30,"BRINKLEY SCHOOL DISTRICT",695,0.11,0.14,0.06,0.78,0.37,0.01,0.59,0.04,0.63,1.46,5,1,0.78,4801000
"30",1603000,"BROOKLAND SCHOOL DISTRICT","200 W. School St.
Brookland
AR - 72417",31,"BROOKLAND SCHOOL DISTRICT",1569,0.05,0.09,0.02,0.39,0.94,0.02,0.01,0.02,0.06,0.67,2,0.39,NA,1603000
"31",6303000,"BRYANT SCHOOL DISTRICT","200 N.W. Fourth St.
Bryant
AR - 72022",32,"BRYANT SCHOOL DISTRICT",7669,0.11,0.12,0.01,0.33,0.84,0.06,0.07,0.03,0.16,0.59,3,0.33,NA,6303000
"32",1605000,"BUFFALO IS. CENTRAL SCH. DIST.","Hwy 18 E
Monette
AR - 72447",33,"BUFFALO IS. CENTRAL SCHOOL DISTRICT",805,0.08,0.15,0,0.65,0.8,0.14,0,0.06,0.2,1.2,2,0.65,NA,1605000
"33",4304000,"CABOT SCHOOL DISTRICT","602 No Lincoln
Cabot
AR - 72023",34,"CABOT SCHOOL DISTRICT",9877,0.12,0.12,0,0.38,0.92,0.04,0.02,0.02,0.08,0.64,3,0.38,NA,4304000
"34",4901000,"CADDO HILLS SCHOOL DISTRICT","2268 Hwy 8 East
Norman
AR - 71960",35,"CADDO HILLS SCHOOL DISTRICT",551,0.12,0.14,0,0.78,0.84,0.14,0,0.02,0.16,1.44,4,0.78,NA,4901000
"35",3301000,"CALICO ROCK SCHOOL DISTRICT","301 College St
Calico Rock
AR - 72519",36,"CALICO ROCK SCHOOL DISTRICT",409,0.12,0.12,0.01,0.58,0.98,0.01,0,0,0.02,1.04,2,0.58,NA,3301000
"36",5204000,"CAMDEN FAIRVIEW SCHOOL DISTRICT","625 Clifton Street
Camden
AR - 71701",37,"CAMDEN FAIRVIEW SCHOOL DISTRICT",2455,0.07,0.11,0,0.73,0.34,0.01,0.62,0.03,0.66,1.38,4,0.73,NA,5204000
"37",4303000,"CARLISLE SCHOOL DISTRICT","520 Center
Carlisle
AR - 72024",38,"CARLISLE SCHOOL DISTRICT",718,0.13,0.14,0.03,0.47,0.85,0.01,0.13,0.01,0.15,0.84,3,0.47,NA,4303000
"38",6802000,"CAVE CITY SCHOOL DISTRICT","711 North Main
Cave City
AR - 72521",39,"CAVE CITY SCHOOL DISTRICT",1347,0.09,0.12,0.01,0.69,0.97,0.01,0.01,0.01,0.03,1.24,2,0.69,NA,6802000
"39",3212000,"CEDAR RIDGE SCHOOL DISTRICT","1502 N Hill Street
Newark
AR - 72562",40,"CEDAR RIDGE SCHOOL DISTRICT",819,0.12,0.12,0.04,0.59,0.97,0,0.01,0.02,0.03,1.05,2,0.59,NA,3212000
"40",1702000,"CEDARVILLE SCHOOL DISTRICT","9500 Pirates Point
Cedarville
AR - 72932",41,"CEDARVILLE SCHOOL DISTRICT",936,0.07,0.09,0.08,0.72,0.92,0.02,0,0.07,0.08,1.27,1,0.72,0.72,1702000
"41",5502000,"CENTERPOINT SCHOOL DISTRICT","755 Hwy 8 East
Amity
AR - 71921",42,"CENTERPOINT SCHOOL DISTRICT",1045,0.05,0.12,0,0.6,0.8,0.17,0,0.03,0.2,1.1,4,0.6,NA,5502000
"42",2402000,"CHARLESTON SCHOOL DISTRICT","125 West Main St
Charleston
AR - 72933",43,"CHARLESTON SCHOOL DISTRICT",866,0.05,0.1,0,0.39,0.94,0.02,0.01,0.03,0.06,0.66,1,0.39,NA,2402000
"43",4802000,"CLARENDON SCHOOL DISTRICT","316 N 6Th Street
Clarendon
AR - 72029",44,"CLARENDON SCHOOL DISTRICT",541,0.11,0.11,0.03,0.8,0.36,0.03,0.58,0.03,0.64,1.52,5,0.8,NA,4802000
"44",3601000,"CLARKSVILLE SCHOOL DISTRICT","1701 Clark Road
Clarksville
AR - 72830",45,"CLARKSVILLE SCHOOL DISTRICT",2548,0.07,0.11,0.02,0.66,0.67,0.26,0.02,0.05,0.33,1.18,1,0.66,NA,3601000
"45",1305000,"CLEVELAND COUNTY SCHOOL DISTRICT","700 Main St
Rison
AR - 71665",46,"CLEVELAND COUNTY SCHOOL DISTRICT",898,0.09,0.11,0.04,0.56,0.71,0.01,0.27,0.01,0.29,1.04,5,0.56,NA,1305000
"46",7102000,"CLINTON SCHOOL DISTRICT","683 Poplar St
Clinton
AR - 72031",47,"CLINTON SCHOOL DISTRICT",1321,0.07,0.15,0.01,0.7,0.93,0.03,0.01,0.02,0.07,1.2,1,0.7,NA,7102000
"47",1201000,"CONCORD SCHOOL DISTRICT","P.O. Box 10
Concord
AR - 72523",48,"CONCORD SCHOOL DISTRICT",448,0.06,0.16,0.02,0.62,0.99,0.01,0,0,0.01,1.1,2,0.62,NA,1201000
"48",2301000,"CONWAY SCHOOL DISTRICT","2220 Prince Street
Conway
AR - 72034",49,"CONWAY SCHOOL DISTRICT",9083,0.11,0.12,0,0.42,0.65,0.07,0.26,0.02,0.35,0.77,3,0.42,NA,2301000
"49",1101000,"CORNING SCHOOL DISTRICT","P.O. Box 479
Corning
AR - 72422",50,"CORNING SCHOOL DISTRICT",1064,0.1,0.15,0.01,0.7,0.97,0.01,0,0.01,0.03,1.29,2,0.7,NA,1101000
"50",302000,"COTTER SCHOOL DISTRICT","P.O. Box 70
Cotter
AR - 72626",51,"COTTER SCHOOL DISTRICT",669,0.12,0.12,0,0.64,0.96,0.03,0.01,0.01,0.04,1.17,1,0.64,NA,302000
"51",2403000,"COUNTY LINE SCHOOL DISTRICT","12092 W. State Hwy. 22
Branch
AR - 72928",52,"COUNTY LINE SCHOOL DISTRICT",503,0.07,0.13,0,0.54,0.93,0.01,0.02,0.05,0.07,0.99,1,0.54,NA,2403000
"52",1901000,"CROSS COUNTY SCHOOL DISTRICT","21 Cr 215
Cherry Valley
AR - 72324",54,"CROSS COUNTY SCHOOL DISTRICT",596,0.07,0.13,0.1,0.73,0.86,0.01,0.11,0.02,0.14,1.31,2,1,0.73,1901000
"53",201000,"CROSSETT SCHOOL DISTRICT","219 Main
Crossett
AR - 71635",55,"CROSSETT SCHOOL DISTRICT",1909,0.11,0.11,0.01,0.57,0.59,0.03,0.38,0.01,0.41,1.08,5,0.57,NA,201000
"54",2601000,"CUTTER-MORNING STAR SCHOOL DISTRICT","2801 Spring Street
Hot Springs
AR - 71901",56,"CUTTER-MORNING STAR SCHOOL DISTRICT",687,0.1,0.11,0,0.63,0.87,0.06,0.03,0.05,0.13,1.13,3,0.63,NA,2601000
"55",7503000,"DANVILLE SCHOOL DISTRICT","Po Box 939
Danville
AR - 72833",57,"DANVILLE SCHOOL DISTRICT",900,0.11,0.12,0.04,0.75,0.43,0.48,0.02,0.07,0.57,1.41,1,0.75,NA,7503000
"56",7504000,"DARDANELLE SCHOOL DISTRICT","102 South Front
Dardanelle
AR - 72834",58,"DARDANELLE SCHOOL DISTRICT",1952,0.08,0.11,0.01,0.66,0.69,0.26,0.02,0.03,0.31,1.2,1,0.66,NA,7504000
"57",402000,"DECATUR SCHOOL DISTRICT","1498 Stadium Ave
Decatur
AR - 72722",59,"DECATUR SCHOOL DISTRICT",490,0.06,0.11,0.02,0.76,0.61,0.27,0.01,0.12,0.39,1.42,1,0.76,NA,402000
"58",5106000,"DEER/MT. JUDEA SCHOOL DISTRICT","Hwy 16
Deer
AR - 72628",60,"DEER/MT. JUDEA SCHOOL DISTRICT",374,0.08,0.17,0,0.77,0.85,0,0,0.15,0.15,1.39,1,0.77,NA,5106000
"59",6701000,"DEQUEEN SCHOOL DISTRICT","101 North 9Th St
De Queen
AR - 71832",62,"DEQUEEN SCHOOL DISTRICT",2516,0.05,0.08,0,0.74,0.39,0.54,0.05,0.03,0.61,1.39,4,0.74,NA,6701000
"60",901000,"DERMOTT SCHOOL DISTRICT","525 E Speedway Hwy35
Dermott
AR - 71638",63,"DERMOTT SCHOOL DISTRICT",441,0.12,0.12,0,0.94,0.07,0.02,0.91,0,0.93,1.85,5,1,0.94,901000
"61",5901000,"DES ARC SCHOOL DISTRICT","600 Main Street
Des Arc
AR - 72040",64,"DES ARC SCHOOL DISTRICT",607,0.09,0.13,0.01,0.63,0.88,0.01,0.1,0.01,0.12,1.1,5,0.63,NA,5901000
"62",101000,"DEWITT SCHOOL DISTRICT","422 W First
Dewitt
AR - 72042",65,"DEWITT SCHOOL DISTRICT",1360,0.1,0.12,0,0.61,0.81,0.02,0.15,0.02,0.19,1.12,5,0.61,NA,101000
"63",3102000,"DIERKS SCHOOL DISTRICT","900 Old Hwy 70 West
Dierks
AR - 71833",66,"DIERKS SCHOOL DISTRICT",515,0.06,0.11,0,0.59,0.92,0.06,0.01,0.01,0.08,1.02,4,0.59,NA,3102000
"64",3502000,"DOLLARWAY SCHOOL DISTRICT","4900 Dollarway Road
Pine Bluff
AR - 71602",67,"DOLLARWAY SCHOOL DISTRICT",1607,0.07,0.11,0,0.92,0.07,0.01,0.92,0,0.93,1.79,3,0.92,NA,3502000
"65",5802000,"DOVER SCHOOL DISTRICT","9371 Market St
Dover
AR - 72837",68,"DOVER SCHOOL DISTRICT",1353,0.09,0.12,0,0.53,0.95,0.03,0,0.02,0.05,0.93,1,0.53,NA,5802000
"66",2202000,"DREW CENTRAL SCHOOL DISTRICT","250 University Dr
Monticello
AR - 71655",70,"DREW CENTRAL SCHOOL DISTRICT",984,0.09,0.1,0,0.73,0.68,0.04,0.25,0.03,0.32,1.34,5,0.73,NA,2202000
"67",2104000,"DUMAS SCHOOL DISTRICT","213 Adams St
Dumas
AR - 71639",71,"DUMAS SCHOOL DISTRICT",1508,0.08,0.1,0.01,0.79,0.26,0.07,0.67,0,0.74,1.51,5,0.79,NA,2104000
"68",1802000,"EARLE SCHOOL DISTRICT","1401 Third St
Earle
AR - 72331",72,"EARLE SCHOOL DISTRICT",763,0.06,0.13,0,0.95,0.03,0,0.96,0.01,0.97,1.87,2,0.95,NA,1802000
"69",5301000,"EAST END SCHOOL DISTRICT","P.O. Box 360
Bigelow
AR - 72016",73,"EAST END SCHOOL DISTRICT",629,0.1,0.2,0,0.58,0.93,0.01,0.05,0.01,0.07,1.03,1,0.58,NA,5301000
"70",5608000,"EAST POINSETT CO. SCHOOL DIST.","502 Mcclellan St.
Lepanto
AR - 72354",74,"EAST POINSETT CO. SCHOOL DISTRICT",742,0.08,0.17,0.03,0.76,0.84,0.03,0.09,0.04,0.16,1.38,2,0.76,NA,5608000
"71",7001000,"EL DORADO SCHOOL DISTRICT","200 West Oak Street
El Dorado
AR - 71730",75,"EL DORADO SCHOOL DISTRICT",4625,0.15,0.07,0,0.63,0.41,0.05,0.52,0.02,0.59,1.19,4,0.63,NA,7001000
"72",7201000,"ELKINS SCHOOL DISTRICT","349 N Center
Elkins
AR - 72727",76,"ELKINS SCHOOL DISTRICT",1179,0.13,0.13,0,0.44,0.9,0.06,0.01,0.03,0.1,0.75,1,0.44,NA,7201000
"73",1408000,"EMERSON-TAYLOR-BRADLEY SCHOOL DISTRICT","P.O. Box 129
Emerson
AR - 71740",77,"EMERSON-TAYLOR SCHOOL DISTRICT",628,0.1,0.12,0,0.44,0.8,0.01,0.18,0.01,0.2,0.8,4,0.44,NA,1408000
"74",4302000,"ENGLAND SCHOOL DISTRICT","501 Pine Bluff Highway
England
AR - 72046",78,"ENGLAND SCHOOL DISTRICT",774,0.11,0.16,0.01,0.75,0.55,0.03,0.41,0.01,0.45,1.39,3,0.75,NA,4302000
"75",6047700,"ESTEM PUBLIC CHARTER SCHOOL","123 West Third
Little Rock
AR - 72201",80,"ESTEM HIGH",182,0,0.01,0,0.31,0.41,0.11,0.41,0.07,0.59,0.52,3,0.31,NA,6047700
"76",802000,"EUREKA SPRINGS SCHOOL DISTRICT","147 Greenwood Hollow
Eureka Springs
AR - 72632",82,"EUREKA SPRINGS SCHOOL DISTRICT",660,0.07,0.12,0.02,0.6,0.92,0.05,0.01,0.02,0.08,1.08,1,0.6,NA,802000
"77",7202000,"FARMINGTON SCHOOL DISTRICT","42 S. Dbl Springs Rd
Farmington
AR - 72730",83,"FARMINGTON SCHOOL DISTRICT",2150,0.1,0.12,0,0.39,0.9,0.05,0.02,0.02,0.1,0.69,1,0.39,NA,7202000
"78",7203000,"FAYETTEVILLE SCHOOL DISTRICT","1000 W. Stone St.
Fayetteville
AR - 72701",84,"FAYETTEVILLE SCHOOL DISTRICT",8566,0.1,0.11,0.01,0.38,0.73,0.09,0.11,0.07,0.27,0.7,1,0.38,NA,7203000
"79",4501000,"FLIPPIN SCHOOL DISTRICT","210 Alford St.
Flippin
AR - 72634",85,"FLIPPIN SCHOOL DISTRICT",849,0.09,0.12,0.04,0.64,0.97,0.01,0,0.02,0.03,1.16,1,0.64,NA,4501000
"80",2002000,"FORDYCE SCHOOL DISTRICT","104 College St
Fordyce
AR - 71742",86,"FORDYCE SCHOOL DISTRICT",987,0.05,0.08,0,0.64,0.44,0.02,0.53,0,0.56,1.19,4,0.64,NA,2002000
"81",4102000,"FOREMAN SCHOOL DISTRICT","700 Rocky Comfort St
Foreman
AR - 71836",87,"FOREMAN SCHOOL DISTRICT",558,0.06,0.12,0,0.67,0.7,0.08,0.17,0.04,0.3,1.2,4,0.67,NA,4102000
"82",6201000,"FORREST CITY SCHOOL DISTRICT","845 North Rosser
Forrest City
AR - 72335",88,"FORREST CITY SCHOOL DISTRICT",3270,0.1,0.11,0.01,0.81,0.18,0.01,0.81,0.01,0.82,1.51,2,1,0.81,6201000
"83",6601000,"FORT SMITH SCHOOL DISTRICT","3205 Jenny Lind Rd
Fort Smith
AR - 72902-1948",89,"FORT SMITH SCHOOL DISTRICT",13792,0.06,0.11,0.01,0.68,0.48,0.23,0.13,0.16,0.52,1.28,1,0.68,NA,6601000
"84",4603000,"FOUKE SCHOOL DISTRICT","200 North Davis
Fouke
AR - 71837",90,"FOUKE SCHOOL DISTRICT",1031,0.11,0.12,0,0.61,0.97,0.01,0,0.01,0.03,1.1,4,0.61,NA,4603000
"85",2602000,"FOUNTAIN LAKE SCHOOL DISTRICT","4207 Park Ave.
Hot Springs
AR - 71901",91,"FOUNTAIN LAKE SCHOOL DISTRICT",1231,0.06,0.12,0,0.5,0.9,0.05,0.02,0.03,0.1,0.87,3,0.5,NA,2602000
"86",4602000,"GENOA CENTRAL SCHOOL DISTRICT","12472 St Hwy 196
Texarkana
AR - 71854",92,"GENOA CENTRAL SCHOOL DISTRICT",924,0.09,0.07,0,0.47,0.98,0.01,0,0.01,0.02,0.8,4,0.47,NA,4602000
"87",403000,"GENTRY SCHOOL DISTRICT","201 S. Giles Ave.
Gentry
AR - 72734",93,"GENTRY SCHOOL DISTRICT",1440,0.08,0.11,0.1,0.61,0.7,0.11,0.01,0.18,0.3,1.1,1,0.61,NA,403000
"88",3002000,"GLEN ROSE SCHOOL DISTRICT","14334 Hwy 67
Malvern
AR - 72104",94,"GLEN ROSE SCHOOL DISTRICT",990,0.09,0.14,0.03,0.52,0.98,0,0.01,0.02,0.02,0.93,3,0.52,NA,3002000
"89",4708000,"GOSNELL SCHOOL DISTRICT","600 Highway 181 N
Gosnell
AR - 72315",95,"GOSNELL SCHOOL DISTRICT",1416,0.06,0.11,0.01,0.66,0.68,0.06,0.24,0.02,0.32,1.22,2,0.66,NA,4708000
"90",404000,"GRAVETTE SCHOOL DISTRICT","609 Birmingham S.E.
Gravette
AR - 72736",96,"GRAVETTE SCHOOL DISTRICT",1762,0.05,0.1,0,0.47,0.88,0.05,0.01,0.07,0.12,0.83,1,0.47,NA,404000
"91",803000,"GREEN FOREST SCHOOL DISTRICT","400 East 10Th St
Green Forest
AR - 72638",97,"GREEN FOREST SCHOOL DISTRICT",1231,0.07,0.1,0.04,0.76,0.62,0.35,0,0.02,0.38,1.38,1,0.76,NA,803000
"92",2303000,"GREENBRIER SCHOOL DISTRICT","4 School Drive
Greenbrier
AR - 72058",98,"GREENBRIER SCHOOL DISTRICT",3064,0.13,0.11,0.01,0.38,0.95,0.02,0.01,0.02,0.05,0.68,3,0.38,NA,2303000
"93",2807000,"GREENE COUNTY TECH SCHOOL DISTRICT","5413 W Kingshighway
Paragould
AR - 72450",99,"GREENE CO. TECH SCHOOL DISTRICT",3349,0.09,0.14,0.02,0.52,0.96,0.02,0.01,0.01,0.04,0.92,2,0.52,NA,2807000
"94",7204000,"GREENLAND SCHOOL DISTRICT","10 North Main
Greenland
AR - 72737",100,"GREENLAND SCHOOL DISTRICT",815,0.11,0.12,0.01,0.53,0.89,0.05,0.02,0.04,0.11,0.93,1,0.53,NA,7204000
"95",6602000,"GREENWOOD SCHOOL DISTRICT","420 North Main
Greenwood
AR - 72936",101,"GREENWOOD SCHOOL DISTRICT",3550,0.07,0.12,0,0.3,0.89,0.03,0.01,0.08,0.11,0.51,1,0.3,NA,6602000
"96",1003000,"GURDON SCHOOL DISTRICT","#1 Go-Devil Rd
Gurdon
AR - 71743",102,"GURDON SCHOOL DISTRICT",768,0.12,0.13,0,0.72,0.54,0.13,0.29,0.05,0.46,1.31,4,0.72,NA,1003000
"97",2304000,"GUY-PERKINS SCHOOL DISTRICT","492 Highway 25 North
Guy
AR - 72061",103,"GUY-PERKINS SCHOOL DISTRICT",466,0.07,0.12,0.09,0.64,0.88,0.01,0.09,0.02,0.12,1.17,3,0.64,NA,2304000
"98",7240700,"HAAS HALL ACADEMY","3155 N. College Ave Ste 108
Fayetteville
AR - 72730",104,"HAAS HALL ACADEMY",185,0,0,0,0.01,0.84,0.09,0.02,0.05,0.16,0.02,1,0.01,NA,7240700
"99",6603000,"HACKETT SCHOOL DISTRICT","102 North Oak Street
Hackett
AR - 72937",105,"HACKETT SCHOOL DISTRICT",639,0.1,0.13,0,0.52,0.92,0.02,0.02,0.04,0.08,0.93,1,0.52,NA,6603000
"100",203000,"HAMBURG SCHOOL DISTRICT","202 East Parker St
Hamburg
AR - 71646",106,"HAMBURG SCHOOL DISTRICT",1954,0.09,0.07,0.01,0.75,0.64,0.1,0.25,0.01,0.36,1.42,5,1,0.75,203000
"101",701000,"HAMPTON SCHOOL DISTRICT","Hwy 278 East
Hampton
AR - 71744",107,"HAMPTON SCHOOL DISTRICT",606,0.06,0.13,0.01,0.62,0.66,0.04,0.28,0.02,0.34,1.08,4,0.62,NA,701000
"102",6304000,"HARMONY GROVE SCH DIST(SALINE)","2621 Hwy. 229
Benton
AR - 72015",109,"HARMONY GROVE SCHOOL DISTRICT",1050,0.08,0.13,0,0.45,0.96,0.02,0.01,0.01,0.04,0.82,3,0.45,NA,6304000
"103",5205000,"HARMONY GROVE SCHOOL DISTRICT (OUACHITA)","401 Ouachita 88
Camden
AR - 71701",108,"HARMONY GROVE SCHOOL DISTRICT",1027,0.07,0.09,0,0.5,0.73,0.03,0.23,0.02,0.27,0.87,4,0.5,NA,5205000
"104",5602000,"HARRISBURG SCHOOL DISTRICT","207 West Estes
Harrisburg
AR - 72432",110,"HARRISBURG SCHOOL DISTRICT",1139,0.05,0.12,0.05,0.76,0.94,0.02,0.02,0.01,0.06,1.41,2,1,0.76,5602000
"105",503000,"HARRISON SCHOOL DISTRICT","110 South Cherry St
Harrison
AR - 72601",111,"HARRISON SCHOOL DISTRICT",2775,0.07,0.1,0.03,0.47,0.96,0.01,0,0.03,0.04,0.84,1,0.47,NA,503000
"106",5903000,"HAZEN SCHOOL DISTRICT","477 N. Hazen Ave.
Hazen
AR - 72064",113,"HAZEN SCHOOL DISTRICT",647,0.1,0.09,0,0.67,0.68,0,0.31,0.01,0.32,1.25,5,0.67,NA,5903000
"107",1202000,"HEBER SPRINGS SCHOOL DISTRICT","1100 West Pine St
Heber Springs
AR - 72543",114,"HEBER SPRINGS SCHOOL DISTRICT",1707,0.09,0.12,0,0.5,0.94,0.03,0.01,0.03,0.06,0.9,2,0.5,NA,1202000
"108",5803000,"HECTOR SCHOOL DISTRICT","11520 Sr 27
Hector
AR - 72843",115,"HECTOR SCHOOL DISTRICT",628,0.1,0.11,0.12,0.75,0.96,0,0,0.04,0.04,1.37,1,0.75,NA,5803000
"109",5403000,"HELENA/ WEST HELENA SCHOOL DISTRICT","305 Valley Dr
Helena
AR - 72342",116,"HELENA/ W.HELENA SCHOOL DISTRICT",2308,0.13,0.11,0,0.91,0.05,0,0.94,0.01,0.95,1.77,5,1,0.91,5403000
"110",601000,"HERMITAGE SCHOOL DISTRICT","312 North School Dr
Hermitage
AR - 71647",117,"HERMITAGE SCHOOL DISTRICT",463,0.11,0.11,0,0.76,0.58,0.23,0.19,0,0.42,1.42,5,0.76,NA,601000
"111",6804000,"HIGHLAND SCHOOL DISTRICT","1 Rebel Cir
Hardy
AR - 72542",118,"HIGHLAND SCHOOL DISTRICT",1567,0.06,0.12,0,0.63,0.97,0.01,0.01,0.01,0.03,1.16,2,0.63,NA,6804000
"112",3809000,"HILLCREST SCHOOL DISTRICT","146 South Main St
Strawberry
AR - 72469",119,"HILLCREST SCHOOL DISTRICT",435,0.06,0.16,0.01,0.69,0.99,0,0,0.01,0.01,1.22,2,0.69,NA,3809000
"113",2903000,"HOPE SCHOOL DISTRICT","117 E Second Street
Hope
AR - 71801",121,"HOPE SCHOOL DISTRICT",2541,0.09,0.1,0.03,0.78,0.26,0.25,0.48,0.01,0.74,1.48,4,0.78,NA,2903000
"114",6703000,"HORATIO SCHOOL DISTRICT","205 Isbell St
Horatio
AR - 71842",122,"HORATIO SCHOOL DISTRICT",825,0.08,0.11,0,0.62,0.72,0.23,0.02,0.03,0.28,1.13,4,0.62,NA,6703000
"115",2603000,"HOT SPRINGS SCHOOL DISTRICT","400 Linwood Ave
Hot Springs
AR - 71913",123,"HOT SPRINGS SCHOOL DISTRICT",3611,0.05,0.15,0.04,0.77,0.45,0.1,0.41,0.03,0.55,1.47,3,0.77,NA,2603000
"116",3804000,"HOXIE SCHOOL DISTRICT","602 Sw Hartigan
Hoxie
AR - 72433",124,"HOXIE SCHOOL DISTRICT",1005,0.09,0.14,0.03,0.74,0.97,0.01,0.01,0.01,0.03,1.31,2,0.74,NA,3804000
"117",4401000,"HUNTSVILLE SCHOOL DISTRICT","P O Drawer F
Huntsville
AR - 72740",126,"HUNTSVILLE SCHOOL DISTRICT",2339,0.05,0.1,0.07,0.58,0.9,0.07,0,0.03,0.1,1.07,1,0.58,NA,4401000
"118",3840700,"IMBODEN CHARTER SCHOOL DISTRICT","605 W 3Rd Street
Imboden
AR - 72434",127,"IMBODEN CHARTER SCHOOL DIST",69,0,0.19,0,0.75,0.94,0.01,0.03,0.01,0.06,1.46,2,0.75,NA,3840700
"119",3306000,"IZARD COUNTY CONSOLIDATED SCHOOL DISTRICT","P.O. Box 115
Brockwell
AR - 72517",128,"IZARD CO. CONS. SCHOOL DISTRICT",513,0.11,0.17,0.02,0.76,0.94,0.03,0.01,0.01,0.06,1.35,2,0.76,NA,3306000
"120",3405000,"JACKSON CO. SCHOOL DISTRICT","300 North Dowell
Tuckerman
AR - 72473",129,"JACKSON CO. SCHOOL DISTRICT",804,0.08,0.11,0,0.68,0.95,0.01,0.03,0.01,0.05,1.23,2,0.68,NA,3405000
"121",6050700,"JACKSONVILLE LIGHTHOUSE CHARTER","251 North First St
Jacksonville
AR - 72076",130,"JACKSONVILLE LIGHTHOUSE CHARTER",343,0,0,0,0.49,0.46,0.04,0.49,0.01,0.54,0.82,3,0.49,NA,6050700
"122",5102000,"JASPER SCHOOL DISTRICT","P O Box 446
Jasper
AR - 72641",131,"JASPER SCHOOL DISTRICT",897,0.16,0.15,0.01,0.67,0.98,0.01,0,0.01,0.02,1.2,1,0.67,NA,5102000
"123",2604000,"JESSIEVILLE SCHOOL DISTRICT","7900 N Hwy 7
Jessieville
AR - 71949",132,"JESSIEVILLE SCHOOL DISTRICT",930,0.08,0.11,0,0.6,0.91,0.05,0.01,0.03,0.09,1.1,3,0.6,NA,2604000
"124",1608000,"JONESBORO SCHOOL DISTRICT","2506 Southwest Sq
Jonesboro
AR - 72401-3968",133,"JONESBORO SCHOOL DISTRICT",5222,0.18,0.12,0,0.68,0.47,0.09,0.42,0.02,0.53,1.29,2,0.68,NA,1608000
"125",7003000,"JUNCTION CITY SCHOOL DISTRICT","Po Box 790
Junction City
AR - 71749",134,"JUNCTION CITY SCHOOL DISTRICT",550,0.07,0.09,0,0.53,0.66,0.01,0.33,0.01,0.34,0.99,4,0.53,NA,7003000
"126",5440700,"KIPP DELTA PUBLIC SCHOOLS","415 Ohio St
Helena
AR - 72342",135,"KIPP DELTA PUBLIC SCHOOLS",527,0,0.04,0,0.86,0.02,0,0.96,0.01,0.98,1.57,5,0.86,NA,5440700
"127",5503000,"KIRBY SCHOOL DISTRICT","2614 Hwy 27N
Kirby
AR - 71950",136,"KIRBY SCHOOL DISTRICT",435,0.12,0.1,0,0.58,0.93,0.05,0,0.02,0.07,1.03,4,0.58,NA,5503000
"128",3704000,"LAFAYETTE COUNTY SCHOOL DISTRICT","712 Chestnut St
Lewisville
AR - 71845",137,"LAFAYETTE COUNTY SCHOOL DISTRICT",801,0.05,0.11,0,0.82,0.35,0.01,0.62,0.02,0.65,1.54,4,0.82,NA,3704000
"129",2605000,"LAKE HAMILTON SCHOOL DISTRICT","205 Wolf Street
Pearcy
AR - 71964",138,"LAKE HAMILTON SCHOOL DISTRICT",3975,0.07,0.11,0.01,0.53,0.86,0.04,0.02,0.08,0.14,0.93,3,0.53,NA,2605000
"130",903000,"LAKESIDE SCHOOL DIST(CHICOT)","1110 South Lakeshore
Lake Village
AR - 71653",139,"LAKESIDE SCHOOL DISTRICT",1192,0.12,0.09,0,0.83,0.13,0.08,0.78,0.01,0.87,1.58,5,1,0.83,903000
"131",2606000,"LAKESIDE SCHOOL DIST(GARLAND)","2837 Malvern Avenue
Hot Springs
AR - 71901",140,"LAKESIDE SCHOOL DISTRICT",3038,0.09,0.11,0.03,0.38,0.81,0.07,0.09,0.03,0.19,0.68,3,0.38,NA,2606000
"132",3604000,"LAMAR SCHOOL DISTRICT","301 Elberta St.
Lamar
AR - 72846",141,"LAMAR SCHOOL DISTRICT",1089,0.08,0.09,0,0.61,0.94,0.03,0.01,0.02,0.06,1.09,1,0.61,NA,3604000
"133",6605000,"LAVACA SCHOOL DISTRICT","203 Fir St
Lavaca
AR - 72941",142,"LAVACA SCHOOL DISTRICT",838,0.1,0.11,0.03,0.47,0.92,0.02,0.01,0.05,0.08,0.81,1,0.47,NA,6605000
"134",3810000,"LAWRENCE COUNTY SCHOOL DISTRICT","508 East Free St
Walnut Ridge
AR - 72476",143,"LAWRENCE COUNTY SCHOOL DISTRICT",1049,0.1,0.15,0,0.63,0.97,0,0,0.03,0.03,1.13,2,0.63,NA,3810000
"135",506000,"LEAD HILL SCHOOL DISTRICT","6966 Milum Rd
Lead Hill
AR - 72644",144,"LEAD HILL SCHOOL DISTRICT",370,0.12,0.14,0.01,0.76,0.98,0,0,0.01,0.02,1.38,1,0.76,NA,506000
"136",3904000,"LEE COUNTY SCHOOL DISTRICT","175 Walnut St
Marianna
AR - 72360",145,"LEE COUNTY SCHOOL DISTRICT",1116,0.04,0.12,0.04,0.94,0.05,0.02,0.93,0.01,0.95,1.8,5,1,0.94,3904000
"137",7205000,"LINCOLN SCHOOL DISTRICT","Po Box 1127
Lincoln
AR - 72744",146,"LINCOLN SCHOOL DISTRICT",1326,0.06,0.14,0,0.7,0.83,0.07,0,0.1,0.17,1.25,1,0.7,NA,7205000
"138",6041700,"LISA ACADEMY","10825 Financial Centre Parkway Ste 360
Little Rock
AR - 72211-6484",147,"LISA ACADEMY",465,0.31,0.02,0,0.24,0.37,0.07,0.29,0.28,0.63,0.43,3,0.24,NA,6041700
"139",6049700,"LITTLE ROCK PREPARATORY ACADEMY","1215 S Schiller St
Little Rock
AR - 72206",149,"LITTLE ROCK PREPARATORY ACADEMY",64,0,0,0,0.86,0.03,0.02,0.91,0.05,0.97,1.5,3,0.86,NA,6049700
"140",6001000,"LITTLE ROCK SCHOOL DISTRICT","810 W. Markham St.
Little Rock
AR - 72201-1306",150,"LITTLE ROCK SCHOOL DISTRICT",24380,0.16,0.1,0.01,0.7,0.22,0.08,0.68,0.02,0.78,1.31,3,0.7,NA,6001000
"141",4301000,"LONOKE SCHOOL DISTRICT","401 W. Holly St
Lonoke
AR - 72086",151,"LONOKE SCHOOL DISTRICT",1872,0.1,0.12,0,0.54,0.69,0.05,0.21,0.05,0.31,0.99,3,0.54,NA,4301000
"142",4202000,"MAGAZINE SCHOOL DISTRICT","292 E Priddy St
Magazine
AR - 72943",152,"MAGAZINE SCHOOL DISTRICT",544,0.15,0.12,0.01,0.71,0.91,0.02,0,0.07,0.09,1.26,1,0.71,NA,4202000
"143",3003000,"MAGNET COVE SCHOOL DIST.","472 Magnet School Rd
Malvern
AR - 72104",153,"MAGNET COVE SCHOOL DIST.",696,0.12,0.09,0.02,0.47,0.96,0.01,0.02,0.01,0.04,0.8,3,0.47,NA,3003000
"144",1402000,"MAGNOLIA SCHOOL DISTRICT","1403 High School Dr
Magnolia
AR - 71754-649",154,"MAGNOLIA SCHOOL DISTRICT",2876,0.07,0.1,0.02,0.67,0.41,0.02,0.57,0.01,0.59,1.25,4,0.67,NA,1402000
"145",3004000,"MALVERN SCHOOL DISTRICT","1620 South Main St
Malvern
AR - 72104",155,"MALVERN SCHOOL DISTRICT",2135,0.08,0.13,0,0.68,0.61,0.05,0.32,0.02,0.39,1.23,3,0.68,NA,3004000
"146",2501000,"MAMMOTH SPRING SCHOOL DISTRICT","410 Goldsmith Ave
Mammoth Spring
AR - 72554",156,"MAMMOTH SPRING SCHOOL DISTRICT",396,0.06,0.11,0,0.63,0.97,0,0.01,0.01,0.03,1.16,2,0.63,NA,2501000
"147",4712000,"MANILA SCHOOL DISTRICT","419 E Olympia St
Manila
AR - 72442",157,"MANILA SCHOOL DISTRICT",1023,0.11,0.18,0.06,0.63,0.93,0.04,0,0.03,0.07,1.15,2,0.63,NA,4712000
"148",6606000,"MANSFIELD SCHOOL DISTRICT","402 Grove St.
Mansfield
AR - 72944",158,"MANSFIELD SCHOOL DISTRICT",965,0.1,0.11,0,0.52,0.93,0.02,0,0.05,0.07,0.96,1,0.52,NA,6606000
"149",1804000,"MARION SCHOOL DISTRICT","200 Manor Street
Marion
AR - 72364",159,"MARION SCHOOL DISTRICT",3997,0.11,0.11,0.01,0.53,0.55,0.03,0.39,0.02,0.45,0.98,2,0.53,NA,1804000
"150",5604000,"MARKED TREE SCHOOL DISTRICT","406 St. Francis St.
Marked Tree
AR - 72365",160,"MARKED TREE SCHOOL DISTRICT",600,0.15,0.16,0,0.75,0.67,0.02,0.31,0,0.33,1.43,2,0.75,NA,5604000
"151",2803000,"MARMADUKE SCHOOL DISTRICT","1010 Greyhound Drive
Marmaduke
AR - 72443",161,"MARMADUKE SCHOOL DISTRICT",731,0.07,0.16,0.01,0.64,0.97,0.02,0,0,0.03,1.13,2,0.64,NA,2803000
"152",5404000,"MARVELL-ELAINE SCHOOL DISTRICT","203 South Pine St
Marvell
AR - 72366",162,"MARVELL SCHOOL DISTRICT",545,0.06,0.15,0,0.97,0.06,0.01,0.9,0.03,0.94,1.92,5,0.97,NA,5404000
"153",2305000,"MAYFLOWER SCHOOL DISTRICT","#7 Ashmore Drive
Mayflower
AR - 72106",163,"MAYFLOWER SCHOOL DISTRICT",1021,0.07,0.08,0,0.53,0.9,0.01,0.08,0.01,0.1,0.93,3,0.53,NA,2305000
"154",6102000,"MAYNARD SCHOOL DISTRICT","74 Campus Dr
Maynard
AR - 72444",164,"MAYNARD SCHOOL DISTRICT",465,0.09,0.17,0.14,0.73,0.99,0,0,0,0.01,1.29,2,0.73,0.73,6102000
"155",7403000,"MCCRORY SCHOOL DISTRICT","509 North Jackson St
Mccrory
AR - 72101",165,"MCCRORY SCHOOL DISTRICT",656,0.12,0.15,0,0.64,0.83,0,0.12,0.05,0.17,1.18,2,0.64,NA,7403000
"156",2105000,"MCGEHEE SCHOOL DISTRICT","409 Oak Street
Mcgehee
AR - 71654",166,"MCGEHEE SCHOOL DISTRICT",1173,0.09,0.14,0.01,0.76,0.5,0.02,0.48,0.01,0.5,1.42,5,0.76,NA,2105000
"157",3302000,"MELBOURNE SCHOOL DISTRICT","303 School Dr
Melbourne
AR - 72556",167,"MELBOURNE SCHOOL DISTRICT",916,0.1,0.12,0,0.58,0.96,0.01,0.01,0.02,0.04,1.03,2,0.58,NA,3302000
"158",5703000,"MENA SCHOOL DISTRICT","501 Hickory St
Mena
AR - 71953",168,"MENA SCHOOL DISTRICT",1942,0.06,0.11,0,0.62,0.95,0.03,0,0.02,0.05,1.1,4,0.62,NA,5703000
"159",3211000,"MIDLAND SCHOOL DISTRICT","741  Main Street
Pleasant Plains
AR - 72568",169,"MIDLAND SCHOOL DISTRICT",512,0.08,0.13,0.06,0.65,0.97,0.01,0.01,0.01,0.03,1.12,2,0.65,NA,3211000
"160",3104000,"MINERAL SPRINGS SCHOOL DISTRICT","2031 Main Street
Saratoga
AR - 71859",170,"MINERAL SPRINGS SCHOOL DISTRICT",504,0.09,0.14,0.19,0.87,0.23,0.13,0.62,0.03,0.77,1.66,4,0.87,NA,3104000
"161",2203000,"MONTICELLO SCHOOL DISTRICT","935 Scogin Dr.
Monticello
AR - 71655",171,"MONTICELLO SCHOOL DISTRICT",2076,0.08,0.09,0,0.52,0.63,0.02,0.35,0.01,0.37,0.98,5,0.52,NA,2203000
"162",4902000,"MOUNT IDA SCHOOL DISTRICT","P.O. Box 1230
Mount Ida
AR - 71957",172,"MOUNT IDA SCHOOL DISTRICT",534,0.09,0.1,0,0.63,0.97,0.01,0.01,0.01,0.03,1.16,4,0.63,NA,4902000
"163",303000,"MOUNTAIN HOME SCHOOL DISTRICT","1230 S Maple
Mountain Home
AR - 72653",173,"MOUNTAIN HOME SCHOOL DISTRICT",4010,0.04,0.09,0.02,0.54,0.91,0.01,0,0.08,0.09,0.97,1,0.54,NA,303000
"164",2607000,"MOUNTAIN PINE SCHOOL DISTRICT","P.O. Box 1
Mountain Pine
AR - 71956",174,"MOUNTAIN PINE SCHOOL DISTRICT",612,0.07,0.12,0.08,0.77,0.83,0.04,0.09,0.05,0.17,1.4,3,0.77,NA,2607000
"165",6901000,"MOUNTAIN VIEW SCHOOL DISTRICT","210 High School Dr
Mtn. View
AR - 72560",175,"MOUNTAIN VIEW SCHOOL DISTRICT",1689,0.08,0.12,0,0.61,0.97,0.01,0,0.01,0.03,1.11,2,0.61,NA,6901000
"166",1703000,"MOUNTAINBURG SCHOOL DISTRICT","129 Hwy. 71 Sw
Mountainburg
AR - 72946",176,"MOUNTAINBURG SCHOOL DISTRICT",676,0.12,0.13,0.1,0.72,0.96,0.01,0,0.04,0.04,1.31,1,0.72,NA,1703000
"167",2306000,"MT. VERNON/ENOLA SCHOOL DISTRICT","33 Garland Springs Rd
Mt. Vernon
AR - 72111",177,"MT. VERNON/ENOLA SCHOOL DIST.",506,0.09,0.1,0.14,0.59,0.96,0.02,0.01,0.01,0.04,1.11,3,0.59,NA,2306000
"168",1704000,"MULBERRY/PLEASANT VIEW BI-COUNTY SCHOOLS","203 West 5Th St
Mulberry
AR - 72947",178,"MULBERRY SCHOOL DISTRICT",399,0.14,0.16,0.17,0.72,0.96,0.01,0,0.03,0.04,1.34,1,0.72,NA,1704000
"169",3105000,"NASHVILLE SCHOOL DISTRICT","600 N. Fourth
Nashville
AR - 71852",180,"NASHVILLE SCHOOL DISTRICT",1898,0.08,0.12,0,0.65,0.58,0.15,0.23,0.05,0.42,1.2,4,0.65,NA,3105000
"170",1503000,"NEMO VISTA SCHOOL DISTRICT","5690 Hwy. 9
Center Ridge
AR - 72027",181,"NEMO VISTA SCHOOL DISTRICT",498,0.06,0.15,0,0.65,0.91,0.03,0.03,0.04,0.09,1.12,1,0.65,NA,1503000
"171",1611000,"NETTLETON SCHOOL DISTRICT","2616 Progress Drive
Jonesboro
AR - 72401",182,"NETTLETON SCHOOL DISTRICT",3142,0.07,0.13,0.02,0.58,0.61,0.05,0.3,0.04,0.39,1.07,2,0.58,NA,1611000
"172",5008000,"NEVADA SCHOOL DISTRICT","6580 U S Hwy 278
Rosston
AR - 71858",183,"NEVADA SCHOOL DISTRICT",399,0.1,0.13,0,0.73,0.53,0.02,0.39,0.06,0.47,1.33,4,0.73,NA,5008000
"173",3403000,"NEWPORT SCHOOL DISTRICT","406 Wilkerson Drive
Newport
AR - 72112",184,"NEWPORT SCHOOL DISTRICT",1422,0.11,0.14,0.03,0.74,0.55,0.05,0.37,0.02,0.45,1.38,2,0.74,NA,3403000
"174",304000,"NORFORK SCHOOL DISTRICT","44 Fireball Lane
Norfork,
AR - 72658",185,"NORFORK SCHOOL DISTRICT",465,0.06,0.13,0,0.8,0.95,0,0,0.04,0.05,1.48,1,0.8,NA,304000
"175",6002000,"NORTH LITTLE ROCK SCHOOL DISTRICT","2700 Poplar Street
North Little Rock
AR - 72114",179,"N. LITTLE ROCK SCHOOL DISTRICT",9119,0.12,0.11,0.04,0.65,0.35,0.06,0.58,0.01,0.65,1.25,3,0.65,NA,6002000
"176",504000,"OMAHA SCHOOL DISTRICT","522 W. College
Omaha
AR - 72662",187,"OMAHA SCHOOL DISTRICT",429,0.13,0.11,0.14,0.73,0.95,0.01,0.01,0.03,0.05,1.31,1,0.73,NA,504000
"177",4713000,"OSCEOLA SCHOOL DISTRICT","2750 W. Semmes
Osceola
AR - 72370",189,"OSCEOLA SCHOOL DISTRICT",1492,0.07,0.11,0.01,0.83,0.19,0.03,0.76,0.02,0.81,1.54,2,1.03,0.83,4713000
"178",5706000,"OUACHITA RIVER SCHOOL DISTRICT","143 Polk 96
Mena
AR - 71953",190,"OUACHITA RIVER SCHOOL DISTRICT",680,0.09,0.1,0.01,0.75,0.92,0.03,0.01,0.05,0.08,1.34,4,0.75,NA,5706000
"179",3005000,"OUACHITA SCHOOL DISTRICT","166 Schoolhouse Road
Donaldson
AR - 71941",191,"OUACHITA SCHOOL DISTRICT",471,0.12,0.08,0.03,0.45,0.95,0.01,0.02,0.02,0.05,0.79,3,0.45,NA,3005000
"180",6505000,"OZARK MOUNTAIN SCHOOL DISTRICT","250 South Hwy 65
St. Joe
AR - 72675",192,"OZARK MOUNTAIN SCHOOL DISTRICT",688,0.1,0.16,0.05,0.78,0.95,0.02,0,0.03,0.05,1.37,1,0.78,NA,6505000
"181",2404000,"OZARK SCHOOL DISTRICT","P.O. Box 135
Ozark
AR - 72949",193,"OZARK SCHOOL DISTRICT",1863,0.06,0.09,0.03,0.53,0.93,0.02,0.01,0.04,0.07,0.95,1,0.53,NA,2404000
"182",6205000,"PALESTINE-WHEATLEY SCH. DIST.","7950 Hwy 70 W
Palestine
AR - 72372",195,"PALESTINE-WHEATLEY SCH. DIST.",650,0.1,0.07,0.08,0.85,0.74,0.01,0.25,0.01,0.26,1.56,2,0.85,0.85,6205000
"183",7309000,"PANGBURN SCHOOL DISTRICT","1100 Short Street
Pangburn
AR - 72121",196,"PANGBURN SCHOOL DISTRICT",739,0.13,0.1,0,0.57,0.97,0.02,0,0,0.03,1.02,2,0.57,NA,7309000
"184",2808000,"PARAGOULD SCHOOL DISTRICT","631 West Court St
Paragould
AR - 72450",197,"PARAGOULD SCHOOL DISTRICT",2853,0.08,0.13,0,0.63,0.91,0.03,0.02,0.04,0.09,1.15,2,0.63,NA,2808000
"185",4203000,"PARIS SCHOOL DISTRICT","602 N. Tenth St.
Paris
AR - 72855",198,"PARIS SCHOOL DISTRICT",1114,0.1,0.1,0,0.6,0.87,0.02,0.03,0.09,0.13,1.09,1,0.6,NA,4203000
"186",7007000,"PARKERS CHAPEL SCHOOL DIST.","401 Parkers Chapel R
El Dorado
AR - 71730",199,"PARKERS CHAPEL SCHOOL DISTRICT",721,0.13,0.1,0.02,0.31,0.89,0.03,0.08,0,0.11,0.53,4,0.31,NA,7007000
"187",407000,"PEA RIDGE SCHOOL DISTRICT","781 W. Pickens Road
Pea Ridge
AR - 72751",200,"PEA RIDGE SCHOOL DISTRICT",1598,0.07,0.1,0.01,0.45,0.91,0.06,0.01,0.02,0.09,0.8,1,0.45,NA,407000
"188",5303000,"PERRYVILLE SCHOOL DISTRICT","614 South Fourche Ave
Perryville
AR - 72126",201,"PERRYVILLE SCHOOL DISTRICT",1061,0.08,0.14,0,0.43,0.97,0.01,0.01,0.01,0.03,0.76,1,0.43,NA,5303000
"189",1104000,"PIGGOTT SCHOOL DISTRICT","427 East Court
Piggott
AR - 72454",202,"PIGGOTT SCHOOL DISTRICT",993,0.09,0.16,0,0.56,0.98,0.01,0.01,0,0.02,1,2,0.56,NA,1104000
"190",3505000,"PINE BLUFF SCHOOL DISTRICT","512 South Pine St
Pine Bluff
AR - 71601",203,"PINE BLUFF SCHOOL DISTRICT",4821,0.07,0.12,0,0.78,0.02,0,0.96,0.02,0.98,1.49,3,0.78,NA,3505000
"191",6103000,"POCAHONTAS SCHOOL DISTRICT","2300 North Park
Pocahontas
AR - 72455",204,"POCAHONTAS SCHOOL DISTRICT",1836,0.06,0.12,0.01,0.6,0.93,0.02,0.01,0.04,0.07,1.06,2,0.6,NA,6103000
"192",5804000,"POTTSVILLE SCHOOL DISTRICT","7000 State Rd 247
Pottsville
AR - 72858",205,"POTTSVILLE SCHOOL DISTRICT",1618,0.06,0.08,0.04,0.43,0.94,0.03,0.01,0.02,0.06,0.75,1,0.43,NA,5804000
"193",2703000,"POYEN SCHOOL DISTRICT","14296 Hwy 270W
Poyen
AR - 72128-209",206,"POYEN SCHOOL DISTRICT",543,0.11,0.09,0.08,0.6,0.97,0.01,0.01,0.01,0.03,1.03,3,0.6,NA,2703000
"194",7206000,"PRAIRIE GROVE SCHOOL DISTRICT","110 School Street
Prairie Grove
AR - 72753",207,"PRAIRIE GROVE SCHOOL DISTRICT",1713,0.08,0.11,0.01,0.43,0.94,0.03,0.01,0.02,0.06,0.75,1,0.43,NA,7206000
"195",5006000,"PRESCOTT SCHOOL DISTRICT","762 Martin Street
Prescott
AR - 71857",208,"PRESCOTT SCHOOL DISTRICT",991,0.11,0.14,0,0.72,0.54,0.04,0.4,0.02,0.46,1.34,4,0.72,NA,5006000
"196",6003000,"PULASKI COUNTY SPECIAL SCHOOL DISTRICT","925 East Dixon Rd
Little Rock
AR - 72216-8601",209,"PULASKI CO. SPEC. SCHOOL DISTRICT",17126,0.13,0.12,0.02,0.55,0.49,0.04,0.44,0.02,0.51,1.01,3,0.55,NA,6003000
"197",1203000,"QUITMAN SCHOOL DISTRICT","6275 Heber Springs Rd West
Quitman
AR - 72131",210,"QUITMAN SCHOOL DISTRICT",612,0.1,0.11,0.03,0.52,0.94,0.01,0,0.05,0.06,0.94,2,0.52,NA,1203000
"198",1106000,"RECTOR SCHOOL DISTRICT","604 West 5Th St
Rector
AR - 72461",211,"RECTOR SCHOOL DISTRICT",601,0.14,0.18,0,0.61,1,0,0,0,0,1.08,2,0.61,NA,1106000
"199",4706000,"RIVERCREST SCHOOL DISTRICT","1700-A West State Hwy 14
Wilson
AR - 72395",228,"SO. MISS. COUNTY SCHOOL DISTRICT",1272,0.09,0.11,0,0.75,0.64,0.05,0.3,0.01,0.36,1.39,2,0.75,NA,4706000
"200",1613000,"RIVERSIDE SCHOOL DISTRICT","601 Catfish Dr
Lake City
AR - 72437",212,"RIVERSIDE SCHOOL DISTRICT",804,0.1,0.17,0,0.63,0.96,0.02,0.01,0.01,0.04,1.12,2,0.63,NA,1613000
"201",7307000,"RIVERVIEW SCHOOL DISTRICT","800 Raider Drive
Searcy
AR - 72143",213,"RIVERVIEW SCHOOL DISTRICT",1303,0.07,0.14,0.02,0.7,0.74,0.1,0.11,0.05,0.26,1.24,2,0.7,NA,7307000
"202",405000,"ROGERS SCHOOL DISTRICT","500 Walnut St
Rogers
AR - 72756",214,"ROGERS SCHOOL DISTRICT",13774,0.07,0.11,0.01,0.58,0.53,0.4,0.01,0.05,0.47,1.05,1,0.58,NA,405000
"203",7310000,"ROSE BUD SCHOOL DISTRICT","124 School Road
Rose Bud
AR - 72137",215,"ROSE BUD SCHOOL DISTRICT",821,0.1,0.11,0,0.52,0.94,0.04,0,0.02,0.06,0.93,2,0.52,NA,7310000
"204",5805000,"RUSSELLVILLE SCHOOL DISTRICT","220 West 10 St
Russellville
AR - 72801",216,"RUSSELLVILLE SCHOOL DISTRICT",5144,0.1,0.11,0.01,0.56,0.73,0.16,0.08,0.03,0.27,1.02,1,0.56,NA,5805000
"205",2502000,"SALEM SCHOOL DISTRICT","313 Hwy 62E
Salem
AR - 72576",217,"SALEM SCHOOL DISTRICT",749,0.05,0.13,0,0.61,0.94,0,0,0.05,0.06,1.13,2,0.61,NA,2502000
"206",4204000,"SCRANTON SCHOOL DISTRICT","103 N. Tenth St.
Scranton
AR - 72863",219,"SCRANTON SCHOOL DISTRICT",408,0.17,0.1,0,0.49,0.96,0,0,0.04,0.04,0.83,1,0.49,NA,4204000
"207",6502000,"SEARCY COUNTY SCHOOL DISTRICT","952 Hwy 65 North
Marshall
AR - 72650",220,"SEARCY COUNTY SCHOOL DISTRICT",925,0.1,0.13,0.02,0.72,0.96,0.02,0,0.02,0.04,1.3,1,0.72,NA,6502000
"208",7311000,"SEARCY SCHOOL DISTRICT","801 North Elm
Searcy
AR - 72143",221,"SEARCY SCHOOL DISTRICT",3973,0.07,0.1,0.02,0.45,0.8,0.04,0.09,0.06,0.2,0.79,2,0.45,NA,7311000
"209",2705000,"SHERIDAN SCHOOL DISTRICT","400 North Rock
Sheridan
AR - 72150",222,"SHERIDAN SCHOOL DISTRICT",4116,0.06,0.1,0.01,0.44,0.93,0.03,0.02,0.02,0.07,0.76,3,0.44,NA,2705000
"210",7104000,"SHIRLEY SCHOOL DISTRICT","154 School Drive
Shirley
AR - 72153",223,"SHIRLEY SCHOOL DISTRICT",476,0.08,0.17,0,0.77,0.92,0.01,0.01,0.05,0.08,1.37,1,0.77,NA,7104000
"211",406000,"SILOAM SPRINGS SCHOOL DISTRICT","847 South Dogwood
Siloam Springs
AR - 72761",224,"SILOAM SPRINGS SCHOOL DISTRICT",3861,0.09,0.09,0.01,0.52,0.65,0.23,0.01,0.11,0.35,0.94,1,0.52,NA,406000
"212",3806000,"SLOAN-HENDRIX SCHOOL DISTRICT","#1 Greyhound Cir
Imboden
AR - 72434",225,"SLOAN-HENDRIX SCHOOL DISTRICT",502,0.09,0.13,0,0.64,0.97,0.01,0.01,0.01,0.03,1.13,2,0.64,NA,3806000
"213",7008000,"SMACKOVER-NORPHLET SCHOOL DISTRICT","Po Box 109
Smackover
AR - 71762",226,"SMACKOVER SCHOOL DISTRICT",898,0.1,0.1,0,0.49,0.74,0.03,0.21,0.02,0.26,0.87,4,0.49,NA,7008000
"214",1507000,"SOUTH CONWAY COUNTY SCHOOL DISTRICT","704 E Church Steet
Morrilton
AR - 72110",227,"SO. CONWAY CO. SCHOOL DISTRICT",2300,0.08,0.09,0.03,0.62,0.69,0.06,0.22,0.03,0.31,1.13,1,0.62,NA,1507000
"215",5504000,"SOUTH PIKE COUNTY SCHOOL DISTRICT","605 Third Ave
Murfreesboro
AR - 71958",229,"SOUTH PIKE COUNTY SCHOOL DIST",531,0.08,0.16,0,0.53,0.88,0.04,0.05,0.04,0.12,0.96,4,0.53,NA,5504000
"216",7105000,"SOUTH SIDE SCHOOL DISTRICT(VANBUREN)","334 Southside Road
Bee Branch
AR - 72013",230,"SOUTH SIDE SCHOOL DISTRICT",533,0.12,0.14,0.06,0.55,0.95,0,0.01,0.04,0.05,0.98,1,0.55,NA,7105000
"217",3209000,"SOUTHSIDE SCHOOL DISTRICT (INDEPENDENCE)","70 Scott Drive
Batesville
AR - 72501",231,"SOUTHSIDE SCHOOL DISTRICT",1518,0.07,0.14,0.05,0.61,0.94,0.02,0,0.04,0.06,1.05,2,0.61,NA,3209000
"218",2906000,"SPRING HILL SCHOOL DISTRICT","633 Hwy 355 W
Hope
AR - 71801",232,"SPRING HILL SCHOOL DISTRICT",472,0.1,0.08,0.01,0.51,0.94,0.03,0,0.02,0.06,0.89,4,0.51,NA,2906000
"219",7207000,"SPRINGDALE SCHOOL DISTRICT","804 W Johnson Ave
Springdale
AR - 72765-8",233,"SPRINGDALE SCHOOL DISTRICT",18188,0.09,0.1,0,0.61,0.45,0.4,0.02,0.13,0.55,1.14,1,0.61,NA,7207000
"220",4003000,"STAR CITY SCHOOL DISTRICT","206 Cleveland Street
Star City
AR - 71667",234,"STAR CITY SCHOOL DISTRICT",1686,0.05,0.09,0.01,0.59,0.7,0.05,0.23,0.02,0.3,1.1,5,0.59,NA,4003000
"221",7009000,"STRONG-HUTTIG SCHOOL DISTRICT","736 South Concord
Strong
AR - 71765",236,"STRONG-HUTTIG SCHOOL DISTRICT",472,0.13,0.11,0,0.84,0.39,0.05,0.55,0.01,0.61,1.55,4,0.84,NA,7009000
"222",104000,"STUTTGART SCHOOL DISTRICT","2501 S Main
Stuttgart
AR - 72160",237,"STUTTGART SCHOOL DISTRICT",1855,0.1,0.09,0.01,0.62,0.5,0.02,0.45,0.02,0.5,1.18,5,0.62,NA,104000
"223",4605000,"TEXARKANA SCHOOL DISTRICT","3512 Grand Ave.
Texarkana
AR - 71854",238,"TEXARKANA SCHOOL DISTRICT",4377,0.08,0.11,0,0.69,0.44,0.03,0.49,0.05,0.56,1.28,4,0.69,NA,4605000
"224",5605000,"TRUMANN SCHOOL DISTRICT","221 Pine Avenue
Trumann
AR - 72472",239,"TRUMANN SCHOOL DISTRICT",1585,0.06,0.16,0.01,0.7,0.86,0.04,0.09,0.01,0.14,1.32,2,0.7,NA,5605000
"225",7510000,"TWO RIVERS SCHOOL DISTRICT","17727 East State Hwy 28
Ola
AR - 72853",242,"TWO RIVERS SCHOOL DISTRICT",909,0.11,0.18,0.12,0.79,0.88,0.1,0,0.03,0.12,1.48,1,0.79,NA,7510000
"226",505000,"VALLEY SPRINGS SCHOOL DISTRICT","7349 School St
Valley Springs
AR - 72682",243,"VALLEY SPRINGS SCHOOL DISTRICT",964,0.1,0.11,0.01,0.46,0.96,0.01,0,0.03,0.04,0.8,1,0.46,NA,505000
"227",1612000,"VALLEY VIEW SCHOOL DISTRICT","2131 Valley View Dr
Jonesboro
AR - 72404",244,"VALLEY VIEW SCHOOL DISTRICT",2277,0.08,0.08,0,0.24,0.91,0.03,0.02,0.04,0.09,0.39,2,0.24,NA,1612000
"228",1705000,"VAN BUREN SCHOOL DISTRICT","2221 Pointer Trail
Van Buren
AR - 72956-2336",245,"VAN BUREN SCHOOL DISTRICT",5843,0.08,0.1,0,0.54,0.73,0.12,0.02,0.13,0.27,0.96,1,0.54,NA,1705000
"229",2307000,"VILONIA SCHOOL DISTRICT","1164B Maint St
Vilonia
AR - 72173",247,"VILONIA SCHOOL DISTRICT",2976,0.07,0.15,0.02,0.39,0.95,0.02,0.01,0.02,0.05,0.66,3,0.39,NA,2307000
"230",2503000,"VIOLA SCHOOL DISTRICT","315 Longhorn Dr
Viola
AR - 72583",248,"VIOLA SCHOOL DISTRICT",410,0.11,0.15,0,0.57,0.96,0,0.01,0.02,0.04,1,2,0.57,NA,2503000
"231",6401000,"WALDRON SCHOOL DISTRICT","1560 W. Sixth St.
Waldron
AR - 72958",249,"WALDRON SCHOOL DISTRICT",1651,0.05,0.12,0.01,0.69,0.79,0.12,0.01,0.08,0.21,1.26,1,0.69,NA,6401000
"232",602000,"WARREN SCHOOL DISTRICT","408 Cherry St
Warren
AR - 71671",250,"WARREN SCHOOL DISTRICT",1507,0.09,0.09,0.01,0.71,0.46,0.18,0.35,0.01,0.54,1.34,5,0.71,NA,602000
"233",3509000,"WATSON CHAPEL SCHOOL DISTRICT","4100 Camden Road
Pine Bluff
AR - 71603",251,"WATSON CHAPEL SCHOOL DISTRICT",3088,0.1,0.09,0,0.65,0.31,0.01,0.67,0.01,0.69,1.21,3,0.65,NA,3509000
"234",7208000,"WEST FORK SCHOOL DISTRICT","359 School Ave.
West Fork
AR - 72774",253,"WEST FORK SCHOOL DISTRICT",1255,0.09,0.11,0,0.5,0.94,0.02,0.01,0.03,0.06,0.86,1,0.5,NA,7208000
"235",1803000,"WEST MEMPHIS SCHOOL DISTRICT","Post Office Box 826
West Memphis
AR - 72303",254,"WEST MEMPHIS SCHOOL DISTRICT",5923,0.06,0.13,0.01,0.8,0.19,0,0.8,0.01,0.81,1.5,2,1,0.8,1803000
"236",1204000,"WEST SIDE SCHOOL DIST(CLEBURNE)","7295 Greers Ferry Rd
Greers Ferry
AR - 72067",255,"WEST SIDE SCHOOL DISTRICT",519,0.07,0.04,0.02,0.56,0.99,0,0,0.01,0.01,0.95,2,0.56,NA,1204000
"237",7509000,"WESTERN YELL CO. SCHOOL DIST.","#1 Wolverine Dr
Havana
AR - 72842",256,"WESTERN YELL CO. SCHOOL DISTRICT",498,0.09,0.17,0,0.79,0.71,0.15,0,0.13,0.29,1.49,1,0.79,NA,7509000
"238",1602000,"WESTSIDE CONS. SCH DIST(CRAIGH","1630 Hwy 91 W
Jonesboro
AR - 72404",257,"WESTSIDE CONS. SCHOOL DISTRICT",1613,0.05,0.12,0,0.54,0.96,0.02,0.01,0.01,0.04,0.94,2,0.54,NA,1602000
"239",3606000,"WESTSIDE SCHOOL DIST(JOHNSON)","122 Thompson St
Hartman
AR - 72840",258,"WESTSIDE SCHOOL DISTRICT",618,0.07,0.15,0.13,0.75,0.92,0.01,0,0.06,0.08,1.38,1,1,0.75,3606000
"240",7304000,"WHITE CO. CENTRAL SCHOOL DIST.","3259 Highway 157
Judsonia
AR - 72081",259,"WHITE CO. CENTRAL SCHOOL DISTRICT",705,0.09,0.08,0,0.6,0.9,0.06,0.01,0.02,0.1,1.03,2,0.6,NA,7304000
"241",3510000,"WHITE HALL SCHOOL DISTRICT","1020 W. Holland Ave.
White Hall
AR - 71602",260,"WHITE HALL SCHOOL DISTRICT",2975,0.09,0.09,0,0.37,0.82,0.02,0.12,0.05,0.18,0.65,3,0.37,NA,3510000
"242",1505000,"WONDERVIEW SCHOOL DISTRICT","2436 Hwy 95
Hattieville
AR - 72063",263,"WONDERVIEW SCHOOL DISTRICT",416,0.2,0.14,0,0.5,0.95,0.01,0.03,0.01,0.05,0.86,1,0.5,NA,1505000
"243",1304000,"WOODLAWN SCHOOL DISTRICT","6760 Hwy 63
Rison
AR - 71665",264,"WOODLAWN SCHOOL DISTRICT",553,0.09,0.11,0,0.35,0.96,0.03,0,0.01,0.04,0.6,5,0.35,NA,1304000
"244",1905000,"WYNNE SCHOOL DISTRICT","800 East Jackson
Wynne
AR - 72396",265,"WYNNE SCHOOL DISTRICT",2855,0.05,0.13,0.01,0.57,0.66,0.01,0.32,0.01,0.34,1.03,2,0.57,NA,1905000
"245",4502000,"YELLVILLE-SUMMIT SCHOOL DISTRICT.","1124 N Panther Ave.
Yellville
AR - 72687",266,"YELLVILLE-SUMMIT SCHOOL DISTRICT",837,0.07,0.14,0,0.66,0.97,0.01,0,0.01,0.03,1.21,1,0.66,NA,4502000
